name,name_masked,program,code,job_training_P1_rate,job_training_P2_rate,job_training_P1_band,job_training_P2_band,job_training_P2_pay,work_experience_P1_rate,work_experience_P2_rate,work_experience_P1_band,work_experience_P2_band,work_experience_P2_pay,total_pay_P1,total_pay_P2,pay_delta,min_margin_to_band,worst_kind,risk_score
한수아,한○아,직무훈련_B,061222-3,0.9333,0.5349,90%+,50-60%,93750,0.9143,0.5135,90%+,50-60%,187500,450000,281250,-168750,0.0135,work_experience,179.5
신시우,신○우,직무훈련_E,070315-4,0.9333,0.5349,90%+,50-60%,93750,0.9143,0.5135,90%+,50-60%,187500,450000,281250,-168750,0.0135,work_experience,179.5
이다은,이○은,미래내일 일경험_C,080608-3,0.9333,0.5349,90%+,50-60%,93750,0.9143,0.5135,90%+,50-60%,187500,450000,281250,-168750,0.0135,work_experience,179.5
정현우,정○우,직무훈련_A,010901-4,0.9333,0.5349,90%+,50-60%,93750,0.9143,0.5135,90%+,50-60%,187500,450000,281250,-168750,0.0135,work_experience,179.5
윤하윤,윤○윤,직무훈련_D,021222-3,0.9333,0.5349,90%+,50-60%,93750,0.9143,0.5135,90%+,50-60%,187500,450000,281250,-168750,0.0135,work_experience,179.5
한우진,한○진,미래내일 일경험_B,030315-4,0.9333,0.5349,90%+,50-60%,93750,0.9143,0.5135,90%+,50-60%,187500,450000,281250,-168750,0.0135,work_experience,179.5
신예은,신○은,미래내일 일경험_E,040608-3,0.9333,0.5349,90%+,50-60%,93750,0.9143,0.5135,90%+,50-60%,187500,450000,281250,-168750,0.0135,work_experience,179.5
이유준,이○준,직무훈련_C,050901-4,0.9333,0.5349,90%+,50-60%,93750,0.9143,0.5135,90%+,50-60%,187500,450000,281250,-168750,0.0135,work_experience,179.5
정수빈,정○빈,미래내일 일경험_A,061222-3,0.9333,0.5349,90%+,50-60%,93750,0.9143,0.5135,90%+,50-60%,187500,450000,281250,-168750,0.0135,work_experience,179.5
윤준영,윤○영,미래내일 일경험_D,070315-4,0.9333,0.5349,90%+,50-60%,93750,0.9143,0.5135,90%+,50-60%,187500,450000,281250,-168750,0.0135,work_experience,179.5
한유나,한○나,직무훈련_B,080608-3,0.9333,0.5349,90%+,50-60%,93750,0.9143,0.5135,90%+,50-60%,187500,450000,281250,-168750,0.0135,work_experience,179.5
권민준,권○준,직무훈련_E,010901-4,0.9333,0.5349,90%+,50-60%,93750,0.9143,0.5135,90%+,50-60%,187500,450000,281250,-168750,0.0135,work_experience,179.5
오예준,오○준,직무훈련_C,010501-4,0.9767,0.5,90%+,50-60%,93750,0.9167,0.5143,90%+,50-60%,187500,450000,281250,-168750,0.0143,work_experience,171.7
권채원,권○원,미래내일 일경험_A,020822-3,0.9767,0.5,90%+,50-60%,93750,0.9167,0.5143,90%+,50-60%,187500,450000,281250,-168750,0.0143,work_experience,171.7
박준서,박○서,미래내일 일경험_D,031115-4,0.9767,0.5,90%+,50-60%,93750,0.9167,0.5143,90%+,50-60%,187500,450000,281250,-168750,0.0143,work_experience,171.7
강지아,강○아,직무훈련_B,040208-3,0.9767,0.5,90%+,50-60%,93750,0.9167,0.5143,90%+,50-60%,187500,450000,281250,-168750,0.0143,work_experience,171.7
장민재,장○재,직무훈련_E,050501-4,0.9767,0.5,90%+,50-60%,93750,0.9167,0.5143,90%+,50-60%,187500,450000,281250,-168750,0.0143,work_experience,171.7
오소율,오○율,미래내일 일경험_C,060822-3,0.9767,0.5,90%+,50-60%,93750,0.9167,0.5143,90%+,50-60%,187500,450000,281250,-168750,0.0143,work_experience,171.7
권선우,권○우,직무훈련_A,071115-4,0.9767,0.5,90%+,50-60%,93750,0.9167,0.5143,90%+,50-60%,187500,450000,281250,-168750,0.0143,work_experience,171.7
박다인,박○인,직무훈련_D,080208-3,0.9767,0.5,90%+,50-60%,93750,0.9167,0.5143,90%+,50-60%,187500,450000,281250,-168750,0.0143,work_experience,171.7
강지후,강○후,미래내일 일경험_B,010501-4,0.9767,0.5,90%+,50-60%,93750,0.9167,0.5143,90%+,50-60%,187500,450000,281250,-168750,0.0143,work_experience,171.7
장하린,장○린,미래내일 일경험_E,020822-3,0.9767,0.5,90%+,50-60%,93750,0.9167,0.5143,90%+,50-60%,187500,450000,281250,-168750,0.0143,work_experience,171.7
오도현,오○현,직무훈련_C,031115-4,0.9767,0.5,90%+,50-60%,93750,0.9167,0.5143,90%+,50-60%,187500,450000,281250,-168750,0.0143,work_experience,171.7
임지민,임○민,직무훈련_A,030715-4,0.9091,0.4889,90%+,<50% 미지급,0,0.9459,0.5,90%+,50-60%,187500,450000,187500,-262500,0.4889,job_training,119.9
서유진,서○진,직무훈련_D,041008-3,0.9091,0.4889,90%+,<50% 미지급,0,0.9459,0.5,90%+,50-60%,187500,450000,187500,-262500,0.4889,job_training,119.9
김주원,김○원,미래내일 일경험_B,050101-4,0.9091,0.4889,90%+,<50% 미지급,0,0.9459,0.5,90%+,50-60%,187500,450000,187500,-262500,0.4889,job_training,119.9
최서아,최○아,미래내일 일경험_E,060422-3,0.9091,0.4889,90%+,<50% 미지급,0,0.9459,0.5,90%+,50-60%,187500,450000,187500,-262500,0.4889,job_training,119.9
조건우,조○우,직무훈련_C,070715-4,0.9091,0.4889,90%+,<50% 미지급,0,0.9459,0.5,90%+,50-60%,187500,450000,187500,-262500,0.4889,job_training,119.9
임나윤,임○윤,미래내일 일경험_A,081008-3,0.9091,0.4889,90%+,<50% 미지급,0,0.9459,0.5,90%+,50-60%,187500,450000,187500,-262500,0.4889,job_training,119.9
서연우,서○우,미래내일 일경험_D,010101-4,0.9091,0.4889,90%+,<50% 미지급,0,0.9459,0.5,90%+,50-60%,187500,450000,187500,-262500,0.4889,job_training,119.9
김가은,김○은,직무훈련_B,020422-3,0.9091,0.4889,90%+,<50% 미지급,0,0.9459,0.5,90%+,50-60%,187500,450000,187500,-262500,0.4889,job_training,119.9
최은우,최○우,직무훈련_E,030715-4,0.9091,0.4889,90%+,<50% 미지급,0,0.9459,0.5,90%+,50-60%,187500,450000,187500,-262500,0.4889,job_training,119.9
조예린,조○린,미래내일 일경험_C,041008-3,0.9091,0.4889,90%+,<50% 미지급,0,0.9459,0.5,90%+,50-60%,187500,450000,187500,-262500,0.4889,job_training,119.9
임태윤,임○윤,직무훈련_A,050101-4,0.9091,0.4889,90%+,<50% 미지급,0,0.9459,0.5,90%+,50-60%,187500,450000,187500,-262500,0.4889,job_training,119.9
서채은,서○은,직무훈련_D,060422-3,0.9091,0.4889,90%+,<50% 미지급,0,0.9459,0.5,90%+,50-60%,187500,450000,187500,-262500,0.4889,job_training,119.9
박하은,박○은,미래내일 일경험_C,021222-3,0.9111,0.6047,90%+,60-70%,112500,0.8286,0.5676,70-90%,50-60%,187500,412500,300000,-112500,0.0047,job_training,104.2
강지민,강○민,직무훈련_A,030315-4,0.9111,0.6047,90%+,60-70%,112500,0.8286,0.5676,70-90%,50-60%,187500,412500,300000,-112500,0.0047,job_training,104.2
장유진,장○진,직무훈련_D,040608-3,0.9111,0.6047,90%+,60-70%,112500,0.8286,0.5676,70-90%,50-60%,187500,412500,300000,-112500,0.0047,job_training,104.2
오주원,오○원,미래내일 일경험_B,050901-4,0.9111,0.6047,90%+,60-70%,112500,0.8286,0.5676,70-90%,50-60%,187500,412500,300000,-112500,0.0047,job_training,104.2
권서아,권○아,미래내일 일경험_E,061222-3,0.9111,0.6047,90%+,60-70%,112500,0.8286,0.5676,70-90%,50-60%,187500,412500,300000,-112500,0.0047,job_training,104.2
박건우,박○우,직무훈련_C,070315-4,0.9111,0.6047,90%+,60-70%,112500,0.8286,0.5676,70-90%,50-60%,187500,412500,300000,-112500,0.0047,job_training,104.2
강나윤,강○윤,미래내일 일경험_A,080608-3,0.9111,0.6047,90%+,60-70%,112500,0.8286,0.5676,70-90%,50-60%,187500,412500,300000,-112500,0.0047,job_training,104.2
장연우,장○우,미래내일 일경험_D,010901-4,0.9111,0.6047,90%+,60-70%,112500,0.8286,0.5676,70-90%,50-60%,187500,412500,300000,-112500,0.0047,job_training,104.2
이유진,이○진,직무훈련_D,040208-3,0.907,0.6136,90%+,60-70%,112500,0.8889,0.6,70-90%,60-70%,225000,412500,337500,-75000,0.0136,job_training,101.5
이연우,이○우,미래내일 일경험_D,010501-4,0.907,0.6136,90%+,60-70%,112500,0.8889,0.6,70-90%,60-70%,225000,412500,337500,-75000,0.0136,job_training,101.5
이채은,이○은,직무훈련_D,060822-3,0.907,0.6136,90%+,60-70%,112500,0.8889,0.6,70-90%,60-70%,225000,412500,337500,-75000,0.0136,job_training,101.5
이도윤,이○윤,미래내일 일경험_B,070715-4,0.9091,0.6222,90%+,60-70%,112500,0.8649,0.5833,70-90%,50-60%,187500,412500,300000,-112500,0.0222,job_training,98.9
정서준,정○준,미래내일 일경험_E,081008-3,0.9091,0.6222,90%+,60-70%,112500,0.8649,0.5833,70-90%,50-60%,187500,412500,300000,-112500,0.0222,job_training,98.9
윤예준,윤○준,직무훈련_C,010101-4,0.9091,0.6222,90%+,60-70%,112500,0.8649,0.5833,70-90%,50-60%,187500,412500,300000,-112500,0.0222,job_training,98.9
한채원,한○원,미래내일 일경험_A,020422-3,0.9091,0.6222,90%+,60-70%,112500,0.8649,0.5833,70-90%,50-60%,187500,412500,300000,-112500,0.0222,job_training,98.9
신준서,신○서,미래내일 일경험_D,030715-4,0.9091,0.6222,90%+,60-70%,112500,0.8649,0.5833,70-90%,50-60%,187500,412500,300000,-112500,0.0222,job_training,98.9
이지아,이○아,직무훈련_B,041008-3,0.9091,0.6222,90%+,60-70%,112500,0.8649,0.5833,70-90%,50-60%,187500,412500,300000,-112500,0.0222,job_training,98.9
정민재,정○재,직무훈련_E,050101-4,0.9091,0.6222,90%+,60-70%,112500,0.8649,0.5833,70-90%,50-60%,187500,412500,300000,-112500,0.0222,job_training,98.9
윤소율,윤○율,미래내일 일경험_C,060422-3,0.9091,0.6222,90%+,60-70%,112500,0.8649,0.5833,70-90%,50-60%,187500,412500,300000,-112500,0.0222,job_training,98.9
조준서,조○서,미래내일 일경험_D,030315-4,0.9111,0.6047,90%+,60-70%,112500,0.8857,0.5946,70-90%,50-60%,187500,412500,300000,-112500,0.0047,job_training,98.8
조다인,조○인,직무훈련_D,080608-3,0.9111,0.6047,90%+,60-70%,112500,0.8857,0.5946,70-90%,50-60%,187500,412500,300000,-112500,0.0047,job_training,98.8
윤지호,윤○호,미래내일 일경험_D,050901-4,0.9111,0.6047,90%+,60-70%,112500,0.8857,0.5946,70-90%,50-60%,187500,412500,300000,-112500,0.0047,job_training,98.8
김서연,김○연,미래내일 일경험_A,040208-3,0.8837,0.6136,70-90%,60-70%,112500,0.8611,0.6,70-90%,60-70%,225000,393750,337500,-56250,0.0136,job_training,96.4
최지호,최○호,미래내일 일경험_D,050501-4,0.8837,0.6136,70-90%,60-70%,112500,0.8611,0.6,70-90%,60-70%,225000,393750,337500,-56250,0.0136,job_training,96.4
조수아,조○아,직무훈련_B,060822-3,0.8837,0.6136,70-90%,60-70%,112500,0.8611,0.6,70-90%,60-70%,225000,393750,337500,-56250,0.0136,job_training,96.4
임시우,임○우,직무훈련_E,071115-4,0.8837,0.6136,70-90%,60-70%,112500,0.8611,0.6,70-90%,60-70%,225000,393750,337500,-56250,0.0136,job_training,96.4
이서연,이○연,미래내일 일경험_C,080208-3,0.8837,0.6136,70-90%,60-70%,112500,0.8611,0.6,70-90%,60-70%,225000,393750,337500,-56250,0.0136,job_training,96.4
김현우,김○우,직무훈련_A,010501-4,0.8837,0.6136,70-90%,60-70%,112500,0.8611,0.6,70-90%,60-70%,225000,393750,337500,-56250,0.0136,job_training,96.4
최하윤,최○윤,직무훈련_D,020822-3,0.8837,0.6136,70-90%,60-70%,112500,0.8611,0.6,70-90%,60-70%,225000,393750,337500,-56250,0.0136,job_training,96.4
조우진,조○진,미래내일 일경험_B,031115-4,0.8837,0.6136,70-90%,60-70%,112500,0.8611,0.6,70-90%,60-70%,225000,393750,337500,-56250,0.0136,job_training,96.4
임예은,임○은,미래내일 일경험_E,040208-3,0.8837,0.6136,70-90%,60-70%,112500,0.8611,0.6,70-90%,60-70%,225000,393750,337500,-56250,0.0136,job_training,96.4
오지호,오○호,미래내일 일경험_D,050101-4,0.9091,0.5778,90%+,50-60%,93750,0.8919,0.6111,70-90%,60-70%,225000,412500,318750,-93750,0.0111,work_experience,92.1
오하윤,오○윤,직무훈련_D,020422-3,0.9091,0.5778,90%+,50-60%,93750,0.8919,0.6111,70-90%,60-70%,225000,412500,318750,-93750,0.0111,work_experience,92.1
오준영,오○영,미래내일 일경험_D,070715-4,0.9091,0.5778,90%+,50-60%,93750,0.8919,0.6111,70-90%,60-70%,225000,412500,318750,-93750,0.0111,work_experience,92.1
권수아,권○아,직무훈련_B,060422-3,0.7045,0.5778,70-90%,50-60%,93750,0.7027,0.5833,70-90%,50-60%,187500,393750,281250,-112500,0.0778,job_training,80.2
김예준,김○준,직무훈련_C,010901-4,0.6,0.5116,60-70%,50-60%,93750,0.6,0.4865,60-70%,<50% 미지급,0,337500,93750,-243750,0.0116,job_training,80.2
권우진,권○진,미래내일 일경험_B,030715-4,0.7045,0.5778,70-90%,50-60%,93750,0.7027,0.5833,70-90%,50-60%,187500,393750,281250,-112500,0.0778,job_training,80.2
김소율,김○율,미래내일 일경험_C,061222-3,0.6,0.5116,60-70%,50-60%,93750,0.6,0.4865,60-70%,<50% 미지급,0,337500,93750,-243750,0.0116,job_training,80.2
권유나,권○나,직무훈련_B,081008-3,0.7045,0.5778,70-90%,50-60%,93750,0.7027,0.5833,70-90%,50-60%,187500,393750,281250,-112500,0.0778,job_training,80.2
김민준,김○준,직무훈련_C,030315-4,0.6,0.5116,60-70%,50-60%,93750,0.6,0.4865,60-70%,<50% 미지급,0,337500,93750,-243750,0.0116,job_training,80.2
한하은,한○은,미래내일 일경험_C,020822-3,0.6047,0.5227,60-70%,50-60%,93750,0.5833,0.4857,50-60%,<50% 미지급,0,300000,93750,-206250,0.0227,job_training,73.1
한건우,한○우,직무훈련_C,071115-4,0.6047,0.5227,60-70%,50-60%,93750,0.5833,0.4857,50-60%,<50% 미지급,0,300000,93750,-206250,0.0227,job_training,73.1
한예린,한○린,미래내일 일경험_C,040208-3,0.6047,0.5227,60-70%,50-60%,93750,0.5833,0.4857,50-60%,<50% 미지급,0,300000,93750,-206250,0.0227,job_training,73.1
오현우,오○우,직무훈련_A,010101-4,0.6364,0.6,60-70%,60-70%,112500,0.6216,0.5833,60-70%,50-60%,187500,337500,300000,-37500,0.0833,work_experience,62.7
김민준,김○준,직무훈련_D,020422-3,0.6364,0.6,60-70%,60-70%,112500,0.6216,0.5833,60-70%,50-60%,187500,337500,300000,-37500,0.0833,work_experience,62.7
박우진,박○진,미래내일 일경험_B,030715-4,0.6364,0.6,60-70%,60-70%,112500,0.6216,0.5833,60-70%,50-60%,187500,337500,300000,-37500,0.0833,work_experience,62.7
강예은,강○은,미래내일 일경험_E,041008-3,0.6364,0.6,60-70%,60-70%,112500,0.6216,0.5833,60-70%,50-60%,187500,337500,300000,-37500,0.0833,work_experience,62.7
장유준,장○준,직무훈련_C,050101-4,0.6364,0.6,60-70%,60-70%,112500,0.6216,0.5833,60-70%,50-60%,187500,337500,300000,-37500,0.0833,work_experience,62.7
오수빈,오○빈,미래내일 일경험_A,060422-3,0.6364,0.6,60-70%,60-70%,112500,0.6216,0.5833,60-70%,50-60%,187500,337500,300000,-37500,0.0833,work_experience,62.7
권준영,권○영,미래내일 일경험_D,070715-4,0.6364,0.6,60-70%,60-70%,112500,0.6216,0.5833,60-70%,50-60%,187500,337500,300000,-37500,0.0833,work_experience,62.7
박유나,박○나,직무훈련_B,081008-3,0.6364,0.6,60-70%,60-70%,112500,0.6216,0.5833,60-70%,50-60%,187500,337500,300000,-37500,0.0833,work_experience,62.7
조민준,조○준,직무훈련_E,010101-4,0.6364,0.6,60-70%,60-70%,112500,0.6216,0.5833,60-70%,50-60%,187500,337500,300000,-37500,0.0833,work_experience,62.7
임도윤,임○윤,미래내일 일경험_B,070315-4,0.7333,0.6047,70-90%,60-70%,112500,0.6857,0.5946,60-70%,50-60%,187500,356250,300000,-56250,0.0047,job_training,61.0
임지아,임○아,직무훈련_B,040608-3,0.7333,0.6047,70-90%,60-70%,112500,0.6857,0.5946,60-70%,50-60%,187500,356250,300000,-56250,0.0047,job_training,61.0
임지후,임○후,미래내일 일경험_B,010901-4,0.7333,0.6047,70-90%,60-70%,112500,0.6857,0.5946,60-70%,50-60%,187500,356250,300000,-56250,0.0047,job_training,61.0
정주원,정○원,미래내일 일경험_B,050501-4,0.6977,0.6136,60-70%,60-70%,112500,0.6667,0.6,60-70%,60-70%,225000,337500,337500,0,0.0136,job_training,58.4
정가은,정○은,직무훈련_B,020822-3,0.6977,0.6136,60-70%,60-70%,112500,0.6667,0.6,60-70%,60-70%,225000,337500,337500,0,0.0136,job_training,58.4
강도윤,강○윤,미래내일 일경험_B,071115-4,0.6977,0.6136,60-70%,60-70%,112500,0.6667,0.6,60-70%,60-70%,225000,337500,337500,0,0.0136,job_training,58.4
신지민,신○민,직무훈련_A,031115-4,0.907,0.7273,90%+,70-90%,131250,0.8889,0.6571,70-90%,60-70%,225000,412500,356250,-56250,0.0273,job_training,55.5
신나윤,신○윤,미래내일 일경험_A,080208-3,0.907,0.7273,90%+,70-90%,131250,0.8889,0.6571,70-90%,60-70%,225000,412500,356250,-56250,0.0273,job_training,55.5
신태윤,신○윤,직무훈련_A,050501-4,0.907,0.7273,90%+,70-90%,131250,0.8889,0.6571,70-90%,60-70%,225000,412500,356250,-56250,0.0273,job_training,55.5
박지호,박○호,미래내일 일경험_A,021222-3,0.8889,0.6977,70-90%,60-70%,112500,0.8857,0.7027,70-90%,70-90%,262500,393750,375000,-18750,0.0027,work_experience,53.0
최선우,최○우,직무훈련_A,070315-4,0.8889,0.6977,70-90%,60-70%,112500,0.8857,0.7027,70-90%,70-90%,262500,393750,375000,-18750,0.0027,work_experience,53.0
정서연,정○연,미래내일 일경험_A,040608-3,0.8889,0.6977,70-90%,60-70%,112500,0.8857,0.7027,70-90%,70-90%,262500,393750,375000,-18750,0.0027,work_experience,53.0
서나윤,서○윤,미래내일 일경험_A,081008-3,0.5909,0.4667,50-60%,<50% 미지급,0,1.0,0.9444,90%+,90%+,300000,393750,300000,-93750,0.0444,work_experience,52.7
김연우,김○우,미래내일 일경험_D,010101-4,0.5909,0.4667,50-60%,<50% 미지급,0,1.0,0.9444,90%+,90%+,300000,393750,300000,-93750,0.0444,work_experience,52.7
최가은,최○은,직무훈련_B,020422-3,0.5909,0.4667,50-60%,<50% 미지급,0,1.0,0.9444,90%+,90%+,300000,393750,300000,-93750,0.0444,work_experience,52.7
조은우,조○우,직무훈련_E,030715-4,0.5909,0.4667,50-60%,<50% 미지급,0,1.0,0.9444,90%+,90%+,300000,393750,300000,-93750,0.0444,work_experience,52.7
임예린,임○린,미래내일 일경험_C,041008-3,0.5909,0.4667,50-60%,<50% 미지급,0,1.0,0.9444,90%+,90%+,300000,393750,300000,-93750,0.0444,work_experience,52.7
서태윤,서○윤,직무훈련_A,050101-4,0.5909,0.4667,50-60%,<50% 미지급,0,1.0,0.9444,90%+,90%+,300000,393750,300000,-93750,0.0444,work_experience,52.7
김채은,김○은,직무훈련_D,060422-3,0.5909,0.4667,50-60%,<50% 미지급,0,1.0,0.9444,90%+,90%+,300000,393750,300000,-93750,0.0444,work_experience,52.7
강다은,강○은,미래내일 일경험_C,081008-3,0.5682,0.4889,50-60%,<50% 미지급,0,0.5946,0.5,50-60%,50-60%,187500,281250,187500,-93750,0.4889,job_training,50.7
강유준,강○준,직무훈련_C,050101-4,0.5682,0.4889,50-60%,<50% 미지급,0,0.5946,0.5,50-60%,50-60%,187500,281250,187500,-93750,0.4889,job_training,50.7
조하은,조○은,미래내일 일경험_C,020422-3,0.5682,0.4889,50-60%,<50% 미지급,0,0.5946,0.5,50-60%,50-60%,187500,281250,187500,-93750,0.4889,job_training,50.7
장서연,장○연,미래내일 일경험_A,041008-3,0.8636,0.6889,70-90%,60-70%,112500,0.8919,0.6944,70-90%,60-70%,225000,393750,337500,-56250,0.0889,job_training,47.3
장현우,장○우,직무훈련_A,010101-4,0.8636,0.6889,70-90%,60-70%,112500,0.8919,0.6944,70-90%,60-70%,225000,393750,337500,-56250,0.0889,job_training,47.3
장수빈,장○빈,미래내일 일경험_A,060422-3,0.8636,0.6889,70-90%,60-70%,112500,0.8919,0.6944,70-90%,60-70%,225000,393750,337500,-56250,0.0889,job_training,47.3
신우진,신○진,미래내일 일경험_B,030315-4,0.5778,0.4884,50-60%,<50% 미지급,0,0.9714,0.9189,90%+,90%+,300000,393750,300000,-93750,0.0189,work_experience,44.0
이예은,이○은,미래내일 일경험_E,040608-3,0.5778,0.4884,50-60%,<50% 미지급,0,0.9714,0.9189,90%+,90%+,300000,393750,300000,-93750,0.0189,work_experience,44.0
정유준,정○준,직무훈련_C,050901-4,0.5778,0.4884,50-60%,<50% 미지급,0,0.9714,0.9189,90%+,90%+,300000,393750,300000,-93750,0.0189,work_experience,44.0
윤수빈,윤○빈,미래내일 일경험_A,061222-3,0.5778,0.4884,50-60%,<50% 미지급,0,0.9714,0.9189,90%+,90%+,300000,393750,300000,-93750,0.0189,work_experience,44.0
한준영,한○영,미래내일 일경험_D,070315-4,0.5778,0.4884,50-60%,<50% 미지급,0,0.9714,0.9189,90%+,90%+,300000,393750,300000,-93750,0.0189,work_experience,44.0
신유나,신○나,직무훈련_B,080608-3,0.5778,0.4884,50-60%,<50% 미지급,0,0.9714,0.9189,90%+,90%+,300000,393750,300000,-93750,0.0189,work_experience,44.0
박민준,박○준,직무훈련_E,010901-4,0.5778,0.4884,50-60%,<50% 미지급,0,0.9714,0.9189,90%+,90%+,300000,393750,300000,-93750,0.0189,work_experience,44.0
신건우,신○우,직무훈련_C,071115-4,0.6279,0.6364,60-70%,60-70%,112500,0.5833,0.6,50-60%,60-70%,225000,300000,337500,37500,0.0364,job_training,42.6
이나윤,이○윤,미래내일 일경험_A,080208-3,0.6279,0.6364,60-70%,60-70%,112500,0.5833,0.6,50-60%,60-70%,225000,300000,337500,37500,0.0364,job_training,42.6
정연우,정○우,미래내일 일경험_D,010501-4,0.6279,0.6364,60-70%,60-70%,112500,0.5833,0.6,50-60%,60-70%,225000,300000,337500,37500,0.0364,job_training,42.6
윤가은,윤○은,직무훈련_B,020822-3,0.6279,0.6364,60-70%,60-70%,112500,0.5833,0.6,50-60%,60-70%,225000,300000,337500,37500,0.0364,job_training,42.6
한은우,한○우,직무훈련_E,031115-4,0.6279,0.6364,60-70%,60-70%,112500,0.5833,0.6,50-60%,60-70%,225000,300000,337500,37500,0.0364,job_training,42.6
신예린,신○린,미래내일 일경험_C,040208-3,0.6279,0.6364,60-70%,60-70%,112500,0.5833,0.6,50-60%,60-70%,225000,300000,337500,37500,0.0364,job_training,42.6
이태윤,이○윤,직무훈련_A,050501-4,0.6279,0.6364,60-70%,60-70%,112500,0.5833,0.6,50-60%,60-70%,225000,300000,337500,37500,0.0364,job_training,42.6
정채은,정○은,직무훈련_D,060822-3,0.6279,0.6364,60-70%,60-70%,112500,0.5833,0.6,50-60%,60-70%,225000,300000,337500,37500,0.0364,job_training,42.6
서지아,서○아,직무훈련_B,040608-3,0.6222,0.6047,60-70%,60-70%,112500,0.6286,0.5946,60-70%,50-60%,187500,337500,300000,-37500,0.0047,job_training,42.4
김민재,김○재,직무훈련_E,050901-4,0.6222,0.6047,60-70%,60-70%,112500,0.6286,0.5946,60-70%,50-60%,187500,337500,300000,-37500,0.0047,job_training,42.4
최소율,최○율,미래내일 일경험_C,061222-3,0.6222,0.6047,60-70%,60-70%,112500,0.6286,0.5946,60-70%,50-60%,187500,337500,300000,-37500,0.0047,job_training,42.4
조선우,조○우,직무훈련_A,070315-4,0.6222,0.6047,60-70%,60-70%,112500,0.6286,0.5946,60-70%,50-60%,187500,337500,300000,-37500,0.0047,job_training,42.4
임다인,임○인,직무훈련_D,080608-3,0.6222,0.6047,60-70%,60-70%,112500,0.6286,0.5946,60-70%,50-60%,187500,337500,300000,-37500,0.0047,job_training,42.4
서지후,서○후,미래내일 일경험_B,010901-4,0.6222,0.6047,60-70%,60-70%,112500,0.6286,0.5946,60-70%,50-60%,187500,337500,300000,-37500,0.0047,job_training,42.4
김하린,김○린,미래내일 일경험_E,021222-3,0.6222,0.6047,60-70%,60-70%,112500,0.6286,0.5946,60-70%,50-60%,187500,337500,300000,-37500,0.0047,job_training,42.4
최도현,최○현,직무훈련_C,030315-4,0.6222,0.6047,60-70%,60-70%,112500,0.6286,0.5946,60-70%,50-60%,187500,337500,300000,-37500,0.0047,job_training,42.4
박지호,박○호,미래내일 일경험_B,071115-4,0.9535,0.9091,90%+,90%+,150000,0.6111,0.4857,60-70%,<50% 미지급,0,375000,150000,-225000,0.0091,job_training,42.2
오서준,오○준,미래내일 일경험_E,080208-3,0.9535,0.9091,90%+,90%+,150000,0.6111,0.4857,60-70%,<50% 미지급,0,375000,150000,-225000,0.0091,job_training,42.2
권예준,권○준,직무훈련_C,010501-4,0.9535,0.9091,90%+,90%+,150000,0.6111,0.4857,60-70%,<50% 미지급,0,375000,150000,-225000,0.0091,job_training,42.2
이서연,이○연,미래내일 일경험_A,020822-3,0.9535,0.9091,90%+,90%+,150000,0.6111,0.4857,60-70%,<50% 미지급,0,375000,150000,-225000,0.0091,job_training,42.2
강준서,강○서,미래내일 일경험_D,031115-4,0.9535,0.9091,90%+,90%+,150000,0.6111,0.4857,60-70%,<50% 미지급,0,375000,150000,-225000,0.0091,job_training,42.2
장지아,장○아,직무훈련_B,040208-3,0.9535,0.9091,90%+,90%+,150000,0.6111,0.4857,60-70%,<50% 미지급,0,375000,150000,-225000,0.0091,job_training,42.2
오민재,오○재,직무훈련_E,050501-4,0.9535,0.9091,90%+,90%+,150000,0.6111,0.4857,60-70%,<50% 미지급,0,375000,150000,-225000,0.0091,job_training,42.2
윤서연,윤○연,미래내일 일경험_A,040608-3,0.9333,0.907,90%+,90%+,150000,0.6,0.4865,60-70%,<50% 미지급,0,375000,150000,-225000,0.007,job_training,36.4
한지호,한○호,미래내일 일경험_D,050901-4,0.9333,0.907,90%+,90%+,150000,0.6,0.4865,60-70%,<50% 미지급,0,375000,150000,-225000,0.007,job_training,36.4
신수아,신○아,직무훈련_B,061222-3,0.9333,0.907,90%+,90%+,150000,0.6,0.4865,60-70%,<50% 미지급,0,375000,150000,-225000,0.007,job_training,36.4
이시우,이○우,직무훈련_E,070315-4,0.9333,0.907,90%+,90%+,150000,0.6,0.4865,60-70%,<50% 미지급,0,375000,150000,-225000,0.007,job_training,36.4
정다은,정○은,미래내일 일경험_C,080608-3,0.9333,0.907,90%+,90%+,150000,0.6,0.4865,60-70%,<50% 미지급,0,375000,150000,-225000,0.007,job_training,36.4
윤현우,윤○우,직무훈련_A,010901-4,0.9333,0.907,90%+,90%+,150000,0.6,0.4865,60-70%,<50% 미지급,0,375000,150000,-225000,0.007,job_training,36.4
한하윤,한○윤,직무훈련_D,021222-3,0.9333,0.907,90%+,90%+,150000,0.6,0.4865,60-70%,<50% 미지급,0,375000,150000,-225000,0.007,job_training,36.4
권소율,권○율,미래내일 일경험_C,060822-3,0.5814,0.5,50-60%,50-60%,93750,0.9167,0.9143,90%+,90%+,300000,393750,393750,0,0.0143,work_experience,34.7
박선우,박○우,직무훈련_A,071115-4,0.5814,0.5,50-60%,50-60%,93750,0.9167,0.9143,90%+,90%+,300000,393750,393750,0,0.0143,work_experience,34.7
강다인,강○인,직무훈련_D,080208-3,0.5814,0.5,50-60%,50-60%,93750,0.9167,0.9143,90%+,90%+,300000,393750,393750,0,0.0143,work_experience,34.7
장지후,장○후,미래내일 일경험_B,010501-4,0.5814,0.5,50-60%,50-60%,93750,0.9167,0.9143,90%+,90%+,300000,393750,393750,0,0.0143,work_experience,34.7
오하린,오○린,미래내일 일경험_E,020822-3,0.5814,0.5,50-60%,50-60%,93750,0.9167,0.9143,90%+,90%+,300000,393750,393750,0,0.0143,work_experience,34.7
권도현,권○현,직무훈련_C,031115-4,0.5814,0.5,50-60%,50-60%,93750,0.9167,0.9143,90%+,90%+,300000,393750,393750,0,0.0143,work_experience,34.7
이준서,이○서,미래내일 일경험_D,030715-4,0.75,0.6889,70-90%,60-70%,112500,0.7568,0.6667,70-90%,60-70%,225000,393750,337500,-56250,0.0667,work_experience,26.9
임하은,임○은,미래내일 일경험_C,020422-3,0.9545,0.9556,90%+,90%+,150000,0.5676,0.5,50-60%,50-60%,187500,337500,337500,0,0.0556,job_training,26.3
서지민,서○민,직무훈련_A,030715-4,0.9545,0.9556,90%+,90%+,150000,0.5676,0.5,50-60%,50-60%,187500,337500,337500,0,0.0556,job_training,26.3
김유진,김○진,직무훈련_D,041008-3,0.9545,0.9556,90%+,90%+,150000,0.5676,0.5,50-60%,50-60%,187500,337500,337500,0,0.0556,job_training,26.3
최주원,최○원,미래내일 일경험_B,050101-4,0.9545,0.9556,90%+,90%+,150000,0.5676,0.5,50-60%,50-60%,187500,337500,337500,0,0.0556,job_training,26.3
조서아,조○아,미래내일 일경험_E,060422-3,0.9545,0.9556,90%+,90%+,150000,0.5676,0.5,50-60%,50-60%,187500,337500,337500,0,0.0556,job_training,26.3
임건우,임○우,직무훈련_C,070715-4,0.9545,0.9556,90%+,90%+,150000,0.5676,0.5,50-60%,50-60%,187500,337500,337500,0,0.0556,job_training,26.3
오유진,오○진,직무훈련_D,040608-3,0.7333,0.6977,70-90%,60-70%,112500,0.7429,0.7027,70-90%,70-90%,262500,393750,375000,-18750,0.0027,work_experience,23.1
조지호,조○호,미래내일 일경험_D,050501-4,0.7442,0.6818,70-90%,60-70%,112500,0.6944,0.7143,60-70%,70-90%,262500,356250,375000,18750,0.0143,work_experience,21.5
조하윤,조○윤,직무훈련_D,020822-3,0.7442,0.6818,70-90%,60-70%,112500,0.6944,0.7143,60-70%,70-90%,262500,356250,375000,18750,0.0143,work_experience,21.5
임수아,임○아,직무훈련_B,060822-3,0.6744,0.7273,60-70%,70-90%,131250,0.75,0.7143,70-90%,70-90%,262500,375000,393750,18750,0.0143,work_experience,20.6
강하은,강○은,미래내일 일경험_C,021222-3,0.7556,0.7209,70-90%,70-90%,131250,0.6857,0.7568,60-70%,70-90%,262500,356250,393750,37500,0.0209,job_training,18.0
강건우,강○우,직무훈련_C,070315-4,0.7556,0.7209,70-90%,70-90%,131250,0.6857,0.7568,60-70%,70-90%,262500,356250,393750,37500,0.0209,job_training,18.0
권주원,권○원,미래내일 일경험_B,050901-4,0.7333,0.7209,70-90%,70-90%,131250,0.7143,0.7027,70-90%,70-90%,262500,393750,393750,0,0.0027,work_experience,17.9
최서연,최○연,미래내일 일경험_A,040208-3,0.7209,0.7045,70-90%,70-90%,131250,0.7222,0.7143,70-90%,70-90%,262500,393750,393750,0,0.0045,job_training,17.7
최현우,최○우,직무훈련_A,010501-4,0.7209,0.7045,70-90%,70-90%,131250,0.7222,0.7143,70-90%,70-90%,262500,393750,393750,0,0.0045,job_training,17.7
김다은,김○은,미래내일 일경험_C,080208-3,0.6977,0.7045,60-70%,70-90%,131250,0.7222,0.6857,70-90%,60-70%,225000,375000,356250,-18750,0.0045,job_training,16.9
정도윤,정○윤,미래내일 일경험_B,070715-4,0.7273,0.7333,70-90%,70-90%,131250,0.7297,0.7222,70-90%,70-90%,262500,393750,393750,0,0.0222,work_experience,16.3
한예준,한○준,직무훈련_C,010101-4,0.7273,0.7333,70-90%,70-90%,131250,0.7027,0.7222,70-90%,70-90%,262500,393750,393750,0,0.0222,work_experience,16.3
정지아,정○아,직무훈련_B,041008-3,0.7273,0.7333,70-90%,70-90%,131250,0.7297,0.7222,70-90%,70-90%,262500,393750,393750,0,0.0222,work_experience,16.3
최하은,최○은,미래내일 일경험_C,020422-3,1.0,0.9778,90%+,90%+,150000,0.973,0.9444,90%+,90%+,300000,450000,450000,0,0.0444,work_experience,13.5
조지민,조○민,직무훈련_A,030715-4,1.0,0.9778,90%+,90%+,150000,0.973,0.9444,90%+,90%+,300000,450000,450000,0,0.0444,work_experience,13.5
임유진,임○진,직무훈련_D,041008-3,1.0,0.9778,90%+,90%+,150000,0.973,0.9444,90%+,90%+,300000,450000,450000,0,0.0444,work_experience,13.5
서주원,서○원,미래내일 일경험_B,050101-4,1.0,0.9778,90%+,90%+,150000,0.973,0.9444,90%+,90%+,300000,450000,450000,0,0.0444,work_experience,13.5
김서아,김○아,미래내일 일경험_E,060422-3,1.0,0.9778,90%+,90%+,150000,0.973,0.9444,90%+,90%+,300000,450000,450000,0,0.0444,work_experience,13.5
최건우,최○우,직무훈련_C,070715-4,1.0,0.9778,90%+,90%+,150000,0.973,0.9444,90%+,90%+,300000,450000,450000,0,0.0444,work_experience,13.5
조나윤,조○윤,미래내일 일경험_A,081008-3,1.0,0.9778,90%+,90%+,150000,0.973,0.9444,90%+,90%+,300000,450000,450000,0,0.0444,work_experience,13.5
임연우,임○우,미래내일 일경험_D,010101-4,1.0,0.9778,90%+,90%+,150000,0.973,0.9444,90%+,90%+,300000,450000,450000,0,0.0444,work_experience,13.5
서가은,서○은,직무훈련_B,020422-3,1.0,0.9778,90%+,90%+,150000,0.973,0.9444,90%+,90%+,300000,450000,450000,0,0.0444,work_experience,13.5
김은우,김○우,직무훈련_E,030715-4,1.0,0.9778,90%+,90%+,150000,0.973,0.9444,90%+,90%+,300000,450000,450000,0,0.0444,work_experience,13.5
최예린,최○린,미래내일 일경험_C,041008-3,1.0,0.9778,90%+,90%+,150000,0.973,0.9444,90%+,90%+,300000,450000,450000,0,0.0444,work_experience,13.5
조태윤,조○윤,직무훈련_A,050101-4,1.0,0.9778,90%+,90%+,150000,0.973,0.9444,90%+,90%+,300000,450000,450000,0,0.0444,work_experience,13.5
임채은,임○은,직무훈련_D,060422-3,1.0,0.9778,90%+,90%+,150000,0.973,0.9444,90%+,90%+,300000,450000,450000,0,0.0444,work_experience,13.5
신도윤,신○윤,미래내일 일경험_B,070715-4,1.0,0.9778,90%+,90%+,150000,0.973,0.9444,90%+,90%+,300000,450000,450000,0,0.0444,work_experience,13.5
이서준,이○준,미래내일 일경험_E,081008-3,1.0,0.9778,90%+,90%+,150000,0.973,0.9444,90%+,90%+,300000,450000,450000,0,0.0444,work_experience,13.5
정예준,정○준,직무훈련_C,010101-4,1.0,0.9778,90%+,90%+,150000,0.973,0.9444,90%+,90%+,300000,450000,450000,0,0.0444,work_experience,13.5
윤채원,윤○원,미래내일 일경험_A,020422-3,1.0,0.9778,90%+,90%+,150000,0.973,0.9444,90%+,90%+,300000,450000,450000,0,0.0444,work_experience,13.5
한준서,한○서,미래내일 일경험_D,030715-4,1.0,0.9778,90%+,90%+,150000,0.973,0.9444,90%+,90%+,300000,450000,450000,0,0.0444,work_experience,13.5
신지아,신○아,직무훈련_B,041008-3,1.0,0.9778,90%+,90%+,150000,0.973,0.9444,90%+,90%+,300000,450000,450000,0,0.0444,work_experience,13.5
이민재,이○재,직무훈련_E,050101-4,1.0,0.9778,90%+,90%+,150000,0.973,0.9444,90%+,90%+,300000,450000,450000,0,0.0444,work_experience,13.5
정소율,정○율,미래내일 일경험_C,060422-3,1.0,0.9778,90%+,90%+,150000,0.973,0.9444,90%+,90%+,300000,450000,450000,0,0.0444,work_experience,13.5
윤선우,윤○우,직무훈련_A,070715-4,1.0,0.9778,90%+,90%+,150000,0.973,0.9444,90%+,90%+,300000,450000,450000,0,0.0444,work_experience,13.5
한다인,한○인,직무훈련_D,081008-3,1.0,0.9778,90%+,90%+,150000,0.973,0.9444,90%+,90%+,300000,450000,450000,0,0.0444,work_experience,13.5
신지후,신○후,미래내일 일경험_B,010101-4,1.0,0.9778,90%+,90%+,150000,0.973,0.9444,90%+,90%+,300000,450000,450000,0,0.0444,work_experience,13.5
이하린,이○린,미래내일 일경험_E,020422-3,1.0,0.9778,90%+,90%+,150000,0.973,0.9444,90%+,90%+,300000,450000,450000,0,0.0444,work_experience,13.5
정도현,정○현,직무훈련_C,030715-4,1.0,0.9778,90%+,90%+,150000,0.973,0.9444,90%+,90%+,300000,450000,450000,0,0.0444,work_experience,13.5
서시우,서○우,직무훈련_E,071115-4,0.7442,0.75,70-90%,70-90%,131250,0.7222,0.7714,70-90%,70-90%,262500,393750,393750,0,0.05,job_training,12.7
장지민,장○민,직무훈련_A,030315-4,0.7333,0.7442,70-90%,70-90%,131250,0.6857,0.6757,60-70%,60-70%,225000,356250,356250,0,0.0442,job_training,12.6
이서연,이○연,미래내일 일경험_A,040608-3,0.9556,0.9535,90%+,90%+,150000,1.0,0.973,90%+,90%+,300000,450000,450000,0,0.0535,job_training,12.5
정지호,정○호,미래내일 일경험_D,050901-4,0.9556,0.9535,90%+,90%+,150000,1.0,0.973,90%+,90%+,300000,450000,450000,0,0.0535,job_training,12.5
윤수아,윤○아,직무훈련_B,061222-3,0.9556,0.9535,90%+,90%+,150000,1.0,0.973,90%+,90%+,300000,450000,450000,0,0.0535,job_training,12.5
한시우,한○우,직무훈련_E,070315-4,0.9556,0.9535,90%+,90%+,150000,1.0,0.973,90%+,90%+,300000,450000,450000,0,0.0535,job_training,12.5
신다은,신○은,미래내일 일경험_C,080608-3,0.9556,0.9535,90%+,90%+,150000,1.0,0.973,90%+,90%+,300000,450000,450000,0,0.0535,job_training,12.5
이현우,이○우,직무훈련_A,010901-4,0.9556,0.9535,90%+,90%+,150000,1.0,0.973,90%+,90%+,300000,450000,450000,0,0.0535,job_training,12.5
정하윤,정○윤,직무훈련_D,021222-3,0.9556,0.9535,90%+,90%+,150000,1.0,0.973,90%+,90%+,300000,450000,450000,0,0.0535,job_training,12.5
윤우진,윤○진,미래내일 일경험_B,030315-4,0.9556,0.9535,90%+,90%+,150000,1.0,0.973,90%+,90%+,300000,450000,450000,0,0.0535,job_training,12.5
한예은,한○은,미래내일 일경험_E,040608-3,0.9556,0.9535,90%+,90%+,150000,1.0,0.973,90%+,90%+,300000,450000,450000,0,0.0535,job_training,12.5
신유준,신○준,직무훈련_C,050901-4,0.9556,0.9535,90%+,90%+,150000,1.0,0.973,90%+,90%+,300000,450000,450000,0,0.0535,job_training,12.5
이수빈,이○빈,미래내일 일경험_A,061222-3,0.9556,0.9535,90%+,90%+,150000,1.0,0.973,90%+,90%+,300000,450000,450000,0,0.0535,job_training,12.5
정준영,정○영,미래내일 일경험_D,070315-4,0.9556,0.9535,90%+,90%+,150000,1.0,0.973,90%+,90%+,300000,450000,450000,0,0.0535,job_training,12.5
김민준,김○준,직무훈련_B,080608-3,0.9556,0.9535,90%+,90%+,150000,1.0,0.973,90%+,90%+,300000,450000,450000,0,0.0535,job_training,12.5
오민준,오○준,직무훈련_E,010901-4,0.9556,0.9535,90%+,90%+,150000,1.0,0.973,90%+,90%+,300000,450000,450000,0,0.0535,job_training,12.5
권하은,권○은,미래내일 일경험_C,021222-3,0.9556,0.9535,90%+,90%+,150000,1.0,0.973,90%+,90%+,300000,450000,450000,0,0.0535,job_training,12.5
박지민,박○민,직무훈련_A,030315-4,0.9556,0.9535,90%+,90%+,150000,1.0,0.973,90%+,90%+,300000,450000,450000,0,0.0535,job_training,12.5
강유진,강○진,직무훈련_D,040608-3,0.9556,0.9535,90%+,90%+,150000,1.0,0.973,90%+,90%+,300000,450000,450000,0,0.0535,job_training,12.5
장주원,장○원,미래내일 일경험_B,050901-4,0.9556,0.9535,90%+,90%+,150000,1.0,0.973,90%+,90%+,300000,450000,450000,0,0.0535,job_training,12.5
오서아,오○아,미래내일 일경험_E,061222-3,0.9556,0.9535,90%+,90%+,150000,1.0,0.973,90%+,90%+,300000,450000,450000,0,0.0535,job_training,12.5
권건우,권○우,직무훈련_C,070315-4,0.9556,0.9535,90%+,90%+,150000,1.0,0.973,90%+,90%+,300000,450000,450000,0,0.0535,job_training,12.5
박나윤,박○윤,미래내일 일경험_A,080608-3,0.9556,0.9535,90%+,90%+,150000,1.0,0.973,90%+,90%+,300000,450000,450000,0,0.0535,job_training,12.5
이서연,이○연,미래내일 일경험_D,010901-4,0.9556,0.9535,90%+,90%+,150000,1.0,0.973,90%+,90%+,300000,450000,450000,0,0.0535,job_training,12.5
장가은,장○은,직무훈련_B,021222-3,0.9556,0.9535,90%+,90%+,150000,1.0,0.973,90%+,90%+,300000,450000,450000,0,0.0535,job_training,12.5
오은우,오○우,직무훈련_E,030315-4,0.9556,0.9535,90%+,90%+,150000,1.0,0.973,90%+,90%+,300000,450000,450000,0,0.0535,job_training,12.5
권예린,권○린,미래내일 일경험_C,040608-3,0.9556,0.9535,90%+,90%+,150000,1.0,0.973,90%+,90%+,300000,450000,450000,0,0.0535,job_training,12.5
박태윤,박○윤,직무훈련_A,050901-4,0.9556,0.9535,90%+,90%+,150000,1.0,0.973,90%+,90%+,300000,450000,450000,0,0.0535,job_training,12.5
강채은,강○은,직무훈련_D,061222-3,0.9556,0.9535,90%+,90%+,150000,1.0,0.973,90%+,90%+,300000,450000,450000,0,0.0535,job_training,12.5
신채원,신○원,미래내일 일경험_A,020422-3,0.7045,0.7111,70-90%,70-90%,131250,0.6757,0.6944,60-70%,60-70%,225000,356250,356250,0,0.0111,job_training,12.5
박도윤,박○윤,미래내일 일경험_B,071115-4,1.0,0.9773,90%+,90%+,150000,0.9722,0.9714,90%+,90%+,300000,450000,450000,0,0.0714,work_experience,11.9
강서준,강○준,미래내일 일경험_E,080208-3,1.0,0.9773,90%+,90%+,150000,0.9722,0.9714,90%+,90%+,300000,450000,450000,0,0.0714,work_experience,11.9
장예준,장○준,직무훈련_C,010501-4,1.0,0.9773,90%+,90%+,150000,0.9722,0.9714,90%+,90%+,300000,450000,450000,0,0.0714,work_experience,11.9
오채원,오○원,미래내일 일경험_A,020822-3,1.0,0.9773,90%+,90%+,150000,0.9722,0.9714,90%+,90%+,300000,450000,450000,0,0.0714,work_experience,11.9
권준서,권○서,미래내일 일경험_D,031115-4,1.0,0.9773,90%+,90%+,150000,0.9722,0.9714,90%+,90%+,300000,450000,450000,0,0.0714,work_experience,11.9
박지아,박○아,직무훈련_B,040208-3,1.0,0.9773,90%+,90%+,150000,0.9722,0.9714,90%+,90%+,300000,450000,450000,0,0.0714,work_experience,11.9
강민재,강○재,직무훈련_E,050501-4,1.0,0.9773,90%+,90%+,150000,0.9722,0.9714,90%+,90%+,300000,450000,450000,0,0.0714,work_experience,11.9
장소율,장○율,미래내일 일경험_C,060822-3,1.0,0.9773,90%+,90%+,150000,0.9722,0.9714,90%+,90%+,300000,450000,450000,0,0.0714,work_experience,11.9
오선우,오○우,직무훈련_A,071115-4,1.0,0.9773,90%+,90%+,150000,0.9722,0.9714,90%+,90%+,300000,450000,450000,0,0.0714,work_experience,11.9
권다인,권○인,직무훈련_D,080208-3,1.0,0.9773,90%+,90%+,150000,0.9722,0.9714,90%+,90%+,300000,450000,450000,0,0.0714,work_experience,11.9
박지후,박○후,미래내일 일경험_B,010501-4,1.0,0.9773,90%+,90%+,150000,0.9722,0.9714,90%+,90%+,300000,450000,450000,0,0.0714,work_experience,11.9
강하린,강○린,미래내일 일경험_E,020822-3,1.0,0.9773,90%+,90%+,150000,0.9722,0.9714,90%+,90%+,300000,450000,450000,0,0.0714,work_experience,11.9
장도현,장○현,직무훈련_C,031115-4,1.0,0.9773,90%+,90%+,150000,0.9722,0.9714,90%+,90%+,300000,450000,450000,0,0.0714,work_experience,11.9
서서연,서○연,미래내일 일경험_A,040208-3,1.0,0.9773,90%+,90%+,150000,0.9722,0.9714,90%+,90%+,300000,450000,450000,0,0.0714,work_experience,11.9
김지호,김○호,미래내일 일경험_D,050501-4,1.0,0.9773,90%+,90%+,150000,0.9722,0.9714,90%+,90%+,300000,450000,450000,0,0.0714,work_experience,11.9
최수아,최○아,직무훈련_B,060822-3,1.0,0.9773,90%+,90%+,150000,0.9722,0.9714,90%+,90%+,300000,450000,450000,0,0.0714,work_experience,11.9
조시우,조○우,직무훈련_E,071115-4,1.0,0.9773,90%+,90%+,150000,0.9722,0.9714,90%+,90%+,300000,450000,450000,0,0.0714,work_experience,11.9
임다은,임○은,미래내일 일경험_C,080208-3,1.0,0.9773,90%+,90%+,150000,0.9722,0.9714,90%+,90%+,300000,450000,450000,0,0.0714,work_experience,11.9
서현우,서○우,직무훈련_A,010501-4,1.0,0.9773,90%+,90%+,150000,0.9722,0.9714,90%+,90%+,300000,450000,450000,0,0.0714,work_experience,11.9
김하윤,김○윤,직무훈련_D,020822-3,1.0,0.9773,90%+,90%+,150000,0.9722,0.9714,90%+,90%+,300000,450000,450000,0,0.0714,work_experience,11.9
최우진,최○진,미래내일 일경험_B,031115-4,1.0,0.9773,90%+,90%+,150000,0.9722,0.9714,90%+,90%+,300000,450000,450000,0,0.0714,work_experience,11.9
조예은,조○은,미래내일 일경험_E,040208-3,1.0,0.9773,90%+,90%+,150000,0.9722,0.9714,90%+,90%+,300000,450000,450000,0,0.0714,work_experience,11.9
임유준,임○준,직무훈련_C,050501-4,1.0,0.9773,90%+,90%+,150000,0.9722,0.9714,90%+,90%+,300000,450000,450000,0,0.0714,work_experience,11.9
서수빈,서○빈,미래내일 일경험_A,060822-3,1.0,0.9773,90%+,90%+,150000,0.9722,0.9714,90%+,90%+,300000,450000,450000,0,0.0714,work_experience,11.9
김준영,김○영,미래내일 일경험_D,071115-4,1.0,0.9773,90%+,90%+,150000,0.9722,0.9714,90%+,90%+,300000,450000,450000,0,0.0714,work_experience,11.9
최유나,최○나,직무훈련_B,080208-3,1.0,0.9773,90%+,90%+,150000,0.9722,0.9714,90%+,90%+,300000,450000,450000,0,0.0714,work_experience,11.9
윤민준,윤○준,직무훈련_E,010501-4,1.0,0.9773,90%+,90%+,150000,0.9722,0.9714,90%+,90%+,300000,450000,450000,0,0.0714,work_experience,11.9
윤서준,윤○준,미래내일 일경험_E,081008-3,0.75,0.7778,70-90%,70-90%,131250,0.7568,0.7778,70-90%,70-90%,262500,393750,393750,0,0.0778,job_training,11.5
윤민재,윤○재,직무훈련_E,050101-4,0.75,0.7778,70-90%,70-90%,131250,0.7568,0.7778,70-90%,70-90%,262500,393750,393750,0,0.0778,job_training,11.5
박서아,박○아,미래내일 일경험_E,061222-3,0.7778,0.7674,70-90%,70-90%,131250,0.7143,0.7838,70-90%,70-90%,262500,393750,393750,0,0.0674,job_training,11.4
한선우,한○우,직무훈련_A,070715-4,0.4318,0.8444,<50% 미지급,70-90%,131250,0.4595,0.8056,<50% 미지급,70-90%,262500,0,393750,393750,0.1056,work_experience,7.6
신다인,신○인,직무훈련_D,081008-3,0.4318,0.8444,<50% 미지급,70-90%,131250,0.4595,0.8056,<50% 미지급,70-90%,262500,0,393750,393750,0.1056,work_experience,7.6
이지후,이○후,미래내일 일경험_B,010101-4,0.4318,0.8444,<50% 미지급,70-90%,131250,0.4595,0.8056,<50% 미지급,70-90%,262500,0,393750,393750,0.1056,work_experience,7.6
정하린,정○린,미래내일 일경험_E,020422-3,0.4318,0.8444,<50% 미지급,70-90%,131250,0.4595,0.8056,<50% 미지급,70-90%,262500,0,393750,393750,0.1056,work_experience,7.6
윤도현,윤○현,직무훈련_C,030715-4,0.5455,0.8444,50-60%,70-90%,131250,0.5676,0.8056,50-60%,70-90%,262500,281250,393750,112500,0.1056,work_experience,7.6
오서연,오○연,미래내일 일경험_A,041008-3,0.5455,0.8444,50-60%,70-90%,131250,0.5676,0.8056,50-60%,70-90%,262500,281250,393750,112500,0.1056,work_experience,7.6
권지호,권○호,미래내일 일경험_D,050101-4,0.5455,0.8444,50-60%,70-90%,131250,0.5676,0.8056,50-60%,70-90%,262500,281250,393750,112500,0.1056,work_experience,7.6
박수아,박○아,직무훈련_B,060422-3,0.5455,0.8444,50-60%,70-90%,131250,0.5676,0.8056,50-60%,70-90%,262500,281250,393750,112500,0.1056,work_experience,7.6
강시우,강○우,직무훈련_E,070715-4,0.5455,0.8444,50-60%,70-90%,131250,0.5676,0.8056,50-60%,70-90%,262500,281250,393750,112500,0.1056,work_experience,7.6
장다은,장○은,미래내일 일경험_C,081008-3,0.5455,0.8444,50-60%,70-90%,131250,0.5676,0.8056,50-60%,70-90%,262500,281250,393750,112500,0.1056,work_experience,7.6
오가은,오○은,직무훈련_B,021222-3,0.4444,0.8372,<50% 미지급,70-90%,131250,0.4286,0.8108,<50% 미지급,70-90%,262500,0,393750,393750,0.1108,work_experience,7.5
권은우,권○우,직무훈련_E,030315-4,0.4444,0.8372,<50% 미지급,70-90%,131250,0.4286,0.8108,<50% 미지급,70-90%,262500,0,393750,393750,0.1108,work_experience,7.5
박예린,박○린,미래내일 일경험_C,040608-3,0.4444,0.8372,<50% 미지급,70-90%,131250,0.4286,0.8108,<50% 미지급,70-90%,262500,0,393750,393750,0.1108,work_experience,7.5
강태윤,강○윤,직무훈련_A,050901-4,0.4444,0.8372,<50% 미지급,70-90%,131250,0.4286,0.8108,<50% 미지급,70-90%,262500,0,393750,393750,0.1108,work_experience,7.5
장채은,장○은,직무훈련_D,061222-3,0.5333,0.8372,50-60%,70-90%,131250,0.5429,0.8108,50-60%,70-90%,262500,281250,393750,112500,0.1108,work_experience,7.5
서도윤,서○윤,미래내일 일경험_B,070315-4,0.5333,0.8372,50-60%,70-90%,131250,0.5429,0.8108,50-60%,70-90%,262500,281250,393750,112500,0.1108,work_experience,7.5
김서준,김○준,미래내일 일경험_E,080608-3,0.5333,0.8372,50-60%,70-90%,131250,0.5429,0.8108,50-60%,70-90%,262500,281250,393750,112500,0.1108,work_experience,7.5
최예준,최○준,직무훈련_C,010901-4,0.5333,0.8372,50-60%,70-90%,131250,0.5429,0.8108,50-60%,70-90%,262500,281250,393750,112500,0.1108,work_experience,7.5
조채원,조○원,미래내일 일경험_A,021222-3,0.5333,0.8372,50-60%,70-90%,131250,0.5429,0.8108,50-60%,70-90%,262500,281250,393750,112500,0.1108,work_experience,7.5
임준서,임○서,미래내일 일경험_D,030315-4,0.5333,0.8372,50-60%,70-90%,131250,0.5429,0.8108,50-60%,70-90%,262500,281250,393750,112500,0.1108,work_experience,7.5
윤서아,윤○아,미래내일 일경험_E,060822-3,0.7209,0.9091,70-90%,90%+,150000,0.6944,0.8857,60-70%,70-90%,262500,356250,412500,56250,0.0091,job_training,6.9
윤은우,윤○우,직무훈련_E,031115-4,0.7209,0.9091,70-90%,90%+,150000,0.6944,0.8857,60-70%,70-90%,262500,356250,412500,56250,0.0091,job_training,6.9
장서준,장○준,미래내일 일경험_E,080208-3,0.7209,0.9091,70-90%,90%+,150000,0.6944,0.8857,60-70%,70-90%,262500,356250,412500,56250,0.0091,job_training,6.9
박시우,박○우,직무훈련_E,070715-4,0.6818,0.9111,60-70%,90%+,150000,0.7027,0.8889,70-90%,70-90%,262500,375000,412500,37500,0.0111,job_training,6.6
박예은,박○은,미래내일 일경험_E,041008-3,0.6818,0.9111,60-70%,90%+,150000,0.7027,0.8889,70-90%,70-90%,262500,375000,412500,37500,0.0111,job_training,6.6
최민준,최○준,직무훈련_E,010101-4,0.6818,0.9111,60-70%,90%+,150000,0.7027,0.8889,70-90%,70-90%,262500,375000,412500,37500,0.0111,job_training,6.6
서서준,서○준,미래내일 일경험_E,080608-3,0.7111,0.907,70-90%,90%+,150000,0.7143,0.8919,70-90%,70-90%,262500,393750,412500,18750,0.007,job_training,6.5
서민재,서○재,직무훈련_E,050901-4,0.7111,0.907,70-90%,90%+,150000,0.7143,0.8919,70-90%,70-90%,262500,393750,412500,18750,0.007,job_training,6.5
서하린,서○린,미래내일 일경험_E,021222-3,0.7111,0.907,70-90%,90%+,150000,0.7143,0.8919,70-90%,70-90%,262500,393750,412500,18750,0.007,job_training,6.5
서유준,서○준,직무훈련_C,050501-4,0.4651,0.8409,<50% 미지급,70-90%,131250,0.4444,0.8286,<50% 미지급,70-90%,262500,0,393750,393750,0.1286,work_experience,6.3
김수빈,김○빈,미래내일 일경험_A,060822-3,0.4651,0.8409,<50% 미지급,70-90%,131250,0.4444,0.8286,<50% 미지급,70-90%,262500,0,393750,393750,0.1286,work_experience,6.3
최준영,최○영,미래내일 일경험_D,071115-4,0.4651,0.8409,<50% 미지급,70-90%,131250,0.4444,0.8286,<50% 미지급,70-90%,262500,0,393750,393750,0.1286,work_experience,6.3
조유나,조○나,직무훈련_B,080208-3,0.4651,0.8409,<50% 미지급,70-90%,131250,0.4444,0.8286,<50% 미지급,70-90%,262500,0,393750,393750,0.1286,work_experience,6.3
한민준,한○준,직무훈련_E,010501-4,0.5581,0.8409,50-60%,70-90%,131250,0.5278,0.8286,50-60%,70-90%,262500,281250,393750,112500,0.1286,work_experience,6.3
신하은,신○은,미래내일 일경험_C,020822-3,0.5581,0.8409,50-60%,70-90%,131250,0.5278,0.8286,50-60%,70-90%,262500,281250,393750,112500,0.1286,work_experience,6.3
이지민,이○민,직무훈련_A,031115-4,0.5581,0.8409,50-60%,70-90%,131250,0.5278,0.8286,50-60%,70-90%,262500,281250,393750,112500,0.1286,work_experience,6.3
정유진,정○진,직무훈련_D,040208-3,0.5581,0.8409,50-60%,70-90%,131250,0.5278,0.8286,50-60%,70-90%,262500,281250,393750,112500,0.1286,work_experience,6.3
윤주원,윤○원,미래내일 일경험_B,050501-4,0.5581,0.8409,50-60%,70-90%,131250,0.5278,0.8286,50-60%,70-90%,262500,281250,393750,112500,0.1286,work_experience,6.3
한서아,한○아,미래내일 일경험_E,060822-3,0.5581,0.8409,50-60%,70-90%,131250,0.5278,0.8286,50-60%,70-90%,262500,281250,393750,112500,0.1286,work_experience,6.3
